YEAR,GEO_ID,TRACT,CITY,COUNTY,STATE,ABBREV_NAME,B25070_001E,B25070_001M,B25070_002E,B25070_002M,B25070_003E,B25070_003M,B25070_004E,B25070_004M,B25070_005E,B25070_005M,B25070_006E,B25070_006M,B25070_007E,B25070_007M,B25070_008E,B25070_008M,B25070_009E,B25070_009M,B25070_010E,B25070_010M,B25070_011E,B25070_011M,B25072_001E,B25072_001M,B25072_002E,B25072_002M,B25072_003E,B25072_003M,B25072_004E,B25072_004M,B25072_005E,B25072_005M,B25072_006E,B25072_006M,B25072_007E,B25072_007M,B25072_008E,B25072_008M,B25072_009E,B25072_009M,B25072_010E,B25072_010M,B25072_011E,B25072_011M,B25072_012E,B25072_012M,B25072_013E,B25072_013M,B25072_014E,B25072_014M,B25072_015E,B25072_015M,B25072_016E,B25072_016M,B25072_017E,B25072_017M,B25072_018E,B25072_018M,B25072_019E,B25072_019M,B25072_020E,B25072_020M,B25072_021E,B25072_021M,B25072_022E,B25072_022M,B25072_023E,B25072_023M,B25072_024E,B25072_024M,B25072_025E,B25072_025M,B25072_026E,B25072_026M,B25072_027E,B25072_027M,B25072_028E,B25072_028M,B25072_029E,B25072_029M,TotalRentBurden,RentBurden_15to24,RentBurden_25to34,RentBurden_35to64,RentBurden_65+,TotalSevereRentBurden
2010,6037205120,Census Tract 2051.20,Vernon,Los Angeles County,California,Vernon,847,81,0,132,48,47,67,55,94,64,93,65,100,77,126,75,113,68,160,81,46,33,847,81,57,52,23,33,0,132,10,17,0,132,24,36,0,132,106,57,12,21,14,23,0,132,0,132,67,51,13,21,524,92,80,63,60,50,83,62,52,44,238,80,11,17,160,70,0,132,20,22,0,132,48,51,70,48,22,27,58.91,42.11,63.21,55.34,73.75,18.89
2010,6037206050,Census Tract 2060.50,Vernon,Los Angeles County,California,Vernon,728,65,21,23,38,33,45,44,61,43,139,63,46,46,58,47,89,60,221,64,10,15,728,65,8,13,0,132,0,132,0,132,0,132,8,13,0,132,98,66,0,132,19,29,25,39,19,30,35,42,0,132,504,87,83,52,11,17,97,62,27,34,276,75,10,15,118,48,21,23,31,28,17,20,0,132,49,38,0,132,56.87,100.0,55.1,60.12,41.53,30.36
2010,6037532302,Census Tract 5323.02,Vernon,Los Angeles County,California,Vernon,453,85,10,16,61,41,52,37,61,41,42,35,79,55,36,34,18,20,94,57,0,132,453,85,24,21,17,18,0,132,7,12,0,132,0,132,0,132,144,49,38,33,9,13,19,21,17,27,61,43,0,132,247,89,68,43,52,39,16,26,62,48,49,44,0,132,38,29,0,132,0,132,0,132,0,132,38,29,0,132,50.11,0.0,54.17,44.94,100.0,20.75
2010,6037532304,Census Tract 5323.04,Vernon,Los Angeles County,California,Vernon,473,88,3,8,67,70,56,60,3,7,93,49,52,49,26,33,40,39,127,83,6,11,473,88,57,62,35,51,0,132,22,32,0,132,0,132,0,132,144,87,25,38,0,132,9,14,35,48,75,69,0,132,180,87,63,56,0,132,18,23,11,16,82,59,6,11,92,43,3,8,3,7,44,31,6,10,36,27,0,132,51.8,0.0,76.39,51.67,45.65,26.85
2010,6037532400,Census Tract 5324,Vernon,Los Angeles County,California,Vernon,33,21,0,132,9,8,0,132,2,3,10,13,0,132,5,7,0,132,7,6,0,132,33,21,0,132,0,132,0,132,0,132,0,132,0,132,0,132,10,11,5,7,0,132,0,132,0,132,5,7,0,132,19,18,2,3,0,132,10,13,0,132,7,8,0,132,4,3,2,3,2,3,0,132,0,132,0,132,0,132,36.36,,50.0,36.84,0.0,21.21
2010,6037532500,Census Tract 5325,Vernon,Los Angeles County,California,Vernon,709,124,9,14,41,44,99,58,114,79,75,65,92,61,65,49,73,47,121,65,20,22,709,124,67,56,0,132,17,25,0,132,0,132,50,43,0,132,180,82,42,38,49,51,18,30,9,15,62,46,0,132,418,132,107,70,48,46,37,51,83,58,133,79,10,15,44,40,0,132,0,132,20,31,0,132,14,18,10,16,49.51,74.63,39.44,51.67,31.82,17.07
2010,6037533401,Census Tract 5334.01,Vernon,Los Angeles County,California,Vernon,695,115,25,38,126,88,86,65,54,49,69,49,52,51,89,67,25,29,169,98,0,132,695,115,0,132,0,132,0,132,0,132,0,132,0,132,0,132,328,117,106,88,14,24,40,35,24,37,144,88,0,132,296,103,118,76,21,33,29,37,9,16,119,88,0,132,71,61,13,24,19,30,0,132,19,30,20,26,0,132,48.2,,51.22,43.24,54.93,24.32
2011,6037205120,Census Tract 2051.20,Vernon,Los Angeles County,California,Vernon,833,75,0,95,57,48,60,55,114,67,106,71,55,44,95,61,125,75,172,77,49,42,833,75,54,46,21,32,12,19,0,95,0,95,8,12,13,22,116,63,12,21,14,24,0,95,0,95,77,53,13,21,515,118,84,60,68,52,84,66,52,41,217,94,10,16,148,70,0,95,20,22,22,27,3,5,90,63,13,20,53.66,14.81,66.38,52.23,62.84,20.65
2011,6037206050,Census Tract 2060.50,Vernon,Los Angeles County,California,Vernon,688,66,21,23,42,38,44,46,66,54,137,66,71,52,50,48,67,54,181,66,9,13,688,66,0,95,0,95,0,95,0,95,0,95,0,95,0,95,76,61,0,95,0,95,25,38,19,31,32,38,0,95,494,81,86,53,37,46,88,55,43,38,231,85,9,13,118,39,21,23,29,28,24,22,9,14,35,24,0,95,53.63,,67.11,55.47,37.29,26.31
2011,6037532302,Census Tract 5323.02,Vernon,Los Angeles County,California,Vernon,456,94,0,95,82,49,34,33,32,23,35,32,76,61,66,50,38,30,87,56,6,10,456,94,39,27,32,27,0,95,7,11,0,95,0,95,0,95,134,64,32,34,7,11,28,30,17,27,44,42,6,10,250,82,52,42,25,20,0,95,59,55,114,57,0,95,33,27,0,95,0,95,0,95,0,95,33,27,0,95,58.55,0.0,45.52,69.2,100.0,19.08
2011,6037532304,Census Tract 5323.04,Vernon,Los Angeles County,California,Vernon,526,78,8,13,79,61,45,47,39,34,112,53,34,39,26,26,43,28,133,68,7,11,526,78,37,40,21,34,0,95,16,22,0,95,0,95,0,95,119,73,11,18,9,15,10,17,27,39,62,54,0,95,270,84,92,63,23,28,26,25,7,12,115,63,7,11,100,42,8,13,7,12,60,41,0,95,25,24,0,95,44.87,0.0,74.79,45.19,25.0,25.29
2011,6037532400,Census Tract 5324,Vernon,Los Angeles County,California,Vernon,20,9,3,3,4,4,0,95,2,2,0,95,0,95,4,7,0,95,7,6,0,95,20,9,0,95,0,95,0,95,0,95,0,95,0,95,0,95,5,7,0,95,0,95,0,95,0,95,5,7,0,95,11,8,5,4,0,95,0,95,0,95,6,8,0,95,4,3,2,2,2,2,0,95,0,95,0,95,0,95,55.0,,100.0,54.55,0.0,35.0
2011,6037532500,Census Tract 5325,Vernon,Los Angeles County,California,Vernon,680,102,10,14,14,17,84,54,112,62,75,66,82,54,30,28,111,54,153,64,9,14,680,102,67,46,0,95,17,27,0,95,0,95,50,37,0,95,161,75,54,44,17,18,19,28,9,15,62,47,0,95,399,100,54,39,74,54,37,51,73,52,152,65,9,14,53,41,0,95,4,7,19,30,0,95,30,25,0,95,55.29,74.63,44.1,56.39,56.6,22.5
2011,6037533401,Census Tract 5334.01,Vernon,Los Angeles County,California,Vernon,706,111,16,29,159,86,70,48,12,20,91,50,49,43,46,54,59,61,204,112,0,95,706,111,0,95,0,95,0,95,0,95,0,95,0,95,0,95,272,103,84,71,0,95,35,32,22,34,131,82,0,95,362,108,149,89,0,95,56,44,15,19,142,95,0,95,72,48,12,20,12,20,0,95,12,21,36,35,0,95,50.71,,56.25,43.37,66.67,28.9
2012,6037205120,Census Tract 2051.20,Vernon,Los Angeles County,California,Vernon,880,53,14,21,57,42,46,48,145,63,85,57,72,53,110,64,88,54,227,75,36,32,880,53,45,35,0,13,12,16,0,13,0,13,20,23,13,21,143,58,12,18,38,33,0,13,6,10,75,44,12,19,566,79,104,63,82,54,77,54,39,38,253,75,11,16,126,42,1,4,13,19,8,12,27,30,77,38,0,13,56.48,44.44,56.64,51.59,82.54,25.8
2012,6037206050,Census Tract 2060.50,Vernon,Los Angeles County,California,Vernon,696,59,20,23,50,28,27,31,113,57,96,52,61,41,39,44,45,32,236,80,9,14,696,59,0,13,0,13,0,13,0,13,0,13,0,13,0,13,70,50,0,13,0,13,26,39,0,13,44,36,0,13,412,74,64,29,53,48,24,25,43,35,219,67,9,14,214,56,33,27,60,38,46,30,18,22,57,30,0,13,54.74,,62.86,63.59,35.05,33.91
2012,6037532302,Census Tract 5323.02,Vernon,Los Angeles County,California,Vernon,518,90,0,13,43,31,66,51,69,46,26,23,73,51,80,53,49,32,98,53,14,18,518,90,45,31,40,30,0,13,5,9,0,13,0,13,0,13,157,65,51,43,12,18,14,19,17,26,56,44,7,13,276,84,18,21,57,43,7,11,56,47,138,60,0,13,40,31,0,13,0,13,0,13,0,13,33,29,7,11,57.92,0.0,46.5,70.29,82.5,18.92
2012,6037532304,Census Tract 5323.04,Vernon,Los Angeles County,California,Vernon,530,86,7,12,31,29,62,59,42,30,99,56,37,48,33,30,65,49,130,73,24,27,530,86,9,16,0,13,0,13,9,16,0,13,0,13,0,13,97,56,9,15,12,21,12,19,34,44,30,33,0,13,288,86,65,54,23,21,6,9,0,13,170,74,24,27,136,45,26,33,7,11,72,50,3,9,28,28,0,13,50.0,0.0,65.98,59.03,22.79,24.53
2012,6037532400,Census Tract 5324,Vernon,Los Angeles County,California,Vernon,17,8,3,3,2,3,0,13,2,2,0,13,0,13,4,7,0,13,6,6,0,13,17,8,0,13,0,13,0,13,0,13,0,13,0,13,0,13,4,6,0,13,0,13,0,13,0,13,4,6,0,13,9,8,3,3,0,13,0,13,0,13,6,7,0,13,4,4,2,3,2,2,0,13,0,13,0,13,0,13,58.82,,100.0,66.67,0.0,35.29
2012,6037532500,Census Tract 5325,Vernon,Los Angeles County,California,Vernon,719,81,13,20,13,18,60,38,158,58,55,58,98,54,40,35,85,49,168,69,29,32,719,81,78,54,0,13,16,25,0,13,0,13,62,48,0,13,166,70,44,31,33,31,21,31,17,21,51,47,0,13,414,89,42,33,95,58,15,24,81,51,152,64,29,32,61,43,0,13,14,16,19,30,0,13,28,25,0,13,54.38,79.49,40.96,56.28,45.9,23.37
2012,6037533401,Census Tract 5334.01,Vernon,Los Angeles County,California,Vernon,716,119,0,18,140,91,58,57,9,13,162,71,20,16,43,52,70,60,214,100,0,18,716,119,22,37,0,18,0,18,0,18,0,18,22,37,0,18,235,113,46,55,0,18,56,47,0,18,133,97,0,18,408,124,138,89,0,18,106,71,20,16,144,78,0,18,51,37,14,23,9,13,0,18,0,18,28,29,0,18,48.46,100.0,56.6,40.2,54.9,29.89
2013,6037205120,Census Tract 2051.20,Vernon,Los Angeles County,California,Vernon,831,58,19,21,44,34,20,30,133,56,98,55,69,43,137,63,86,52,193,60,32,28,831,58,34,28,0,12,5,8,0,12,0,12,18,20,11,18,103,50,0,12,30,28,0,12,6,9,51,36,16,20,529,83,75,45,77,47,60,47,47,40,265,77,5,8,165,66,8,11,21,24,38,34,16,14,82,48,0,12,58.36,52.94,55.34,58.98,59.39,23.23
2013,6037206050,Census Tract 2060.50,Vernon,Los Angeles County,California,Vernon,738,57,16,17,40,33,47,42,104,59,73,44,89,46,21,25,76,54,258,77,14,15,738,57,0,12,0,12,0,12,0,12,0,12,0,12,0,12,92,54,0,12,0,12,0,12,0,12,92,54,0,12,438,62,74,41,45,53,34,43,76,45,200,64,9,13,208,50,29,19,59,29,39,27,13,13,63,35,5,7,60.16,,100.0,63.01,36.54,34.96
2013,6037532302,Census Tract 5323.02,Vernon,Los Angeles County,California,Vernon,559,77,0,12,23,27,77,50,68,42,48,34,78,61,67,47,70,52,116,61,12,17,559,77,43,37,39,37,0,12,4,7,0,12,0,12,0,12,157,72,28,31,0,12,23,27,17,26,85,62,4,11,304,83,26,30,68,42,21,25,61,56,128,61,0,12,55,36,7,12,0,12,0,12,0,12,40,33,8,12,59.21,0.0,64.97,62.17,72.73,20.75
2013,6037532304,Census Tract 5323.04,Vernon,Los Angeles County,California,Vernon,617,87,11,17,34,28,68,62,83,58,76,39,60,41,51,34,62,49,154,73,18,24,617,87,18,20,0,12,0,12,0,12,0,12,18,20,0,12,75,50,9,14,8,14,11,17,25,37,22,23,0,12,389,99,70,54,75,56,19,21,24,26,183,71,18,24,135,55,34,41,0,12,46,32,11,18,44,34,0,12,53.0,100.0,62.67,53.21,40.74,24.96
2013,6037532400,Census Tract 5324,Vernon,Los Angeles County,California,Vernon,20,10,4,3,2,2,3,4,0,12,0,12,0,12,4,6,0,12,7,6,0,12,20,10,0,12,0,12,0,12,0,12,0,12,0,12,0,12,5,7,0,12,0,12,0,12,0,12,5,7,0,12,12,8,6,5,0,12,0,12,0,12,6,7,0,12,3,4,3,4,0,12,0,12,0,12,0,12,0,12,55.0,,100.0,50.0,0.0,35.0
2013,6037532500,Census Tract 5325,Vernon,Los Angeles County,California,Vernon,721,78,0,12,11,13,86,52,127,55,38,36,109,69,60,43,95,54,180,61,15,24,721,78,46,39,0,12,15,23,0,12,0,12,31,32,0,12,209,70,43,36,30,29,23,28,24,28,89,51,0,12,413,86,54,38,64,43,15,24,85,59,180,69,15,24,53,31,0,12,18,22,0,12,0,12,35,28,0,12,61.58,67.39,54.07,64.16,66.04,24.97
2013,6037533401,Census Tract 5334.01,Vernon,Los Angeles County,California,Vernon,739,118,0,12,107,85,78,56,79,51,116,66,19,22,0,12,51,53,282,107,7,12,739,118,47,51,0,12,8,13,0,12,0,12,39,53,0,12,197,84,9,14,30,46,42,43,10,15,106,74,0,12,434,131,160,85,37,45,74,52,9,16,147,76,7,12,61,40,16,23,4,10,0,12,0,12,41,38,0,12,47.63,82.98,58.88,35.94,67.21,38.16
2014,6037205120,Census Tract 2051.20,Vernon,Los Angeles County,California,Vernon,854,48,24,24,56,45,33,29,137,56,109,56,61,30,114,59,80,46,213,61,27,23,854,48,47,37,0,12,15,20,0,12,0,12,19,22,13,20,117,49,0,12,35,32,12,19,6,9,60,39,4,7,519,83,90,54,76,40,53,42,42,28,255,75,3,6,171,51,23,20,11,18,44,28,13,9,73,44,7,10,54.8,40.43,56.41,57.23,50.29,24.94
2014,6037206050,Census Tract 2060.50,Vernon,Los Angeles County,California,Vernon,759,47,23,21,37,28,54,37,99,54,69,43,87,52,47,32,57,50,282,76,4,7,759,47,0,12,0,12,0,12,0,12,0,12,0,12,0,12,98,51,7,10,0,12,0,12,0,12,91,52,0,12,377,65,65,40,35,42,29,31,70,46,178,65,0,12,284,55,42,24,64,34,40,33,17,19,117,39,4,7,62.32,,92.86,65.78,47.18,37.15
2014,6037532302,Census Tract 5323.02,Vernon,Los Angeles County,California,Vernon,607,99,23,35,37,34,37,35,84,52,38,26,62,58,93,58,79,49,141,67,13,16,607,99,28,31,28,31,0,12,0,12,0,12,0,12,0,12,135,60,37,40,0,12,14,20,18,29,60,44,6,11,379,114,24,28,78,51,24,23,44,51,209,82,0,12,65,34,8,13,6,9,0,12,0,12,44,30,7,11,61.78,0.0,57.78,66.75,67.69,23.23
2014,6037532304,Census Tract 5323.04,Vernon,Los Angeles County,California,Vernon,697,104,13,20,38,32,119,81,65,45,100,53,53,36,51,36,50,34,171,70,37,45,697,104,19,21,0,12,0,12,0,12,0,12,19,21,0,12,87,53,34,41,9,14,13,21,16,26,15,17,0,12,407,104,98,68,56,42,22,24,25,24,180,73,26,41,184,60,38,46,0,12,65,46,12,19,58,38,11,18,46.63,100.0,35.63,50.37,38.04,24.53
2014,6037532400,Census Tract 5324,Vernon,Los Angeles County,California,Vernon,19,9,4,3,2,3,3,5,2,3,0,12,0,12,5,6,0,12,3,3,0,12,19,9,0,12,0,12,0,12,0,12,0,12,0,12,0,12,2,3,2,3,0,12,0,12,0,12,0,12,0,12,16,9,6,5,2,3,0,12,0,12,8,6,0,12,1,2,1,2,0,12,0,12,0,12,0,12,0,12,42.11,,0.0,50.0,0.0,15.79
2014,6037532500,Census Tract 5325,Vernon,Los Angeles County,California,Vernon,796,83,0,12,3,5,105,67,123,55,47,37,139,66,73,50,105,60,185,71,16,25,796,83,46,39,0,12,16,24,0,12,0,12,30,31,0,12,212,75,18,22,33,30,24,27,27,30,110,60,0,12,477,103,90,64,53,43,23,26,112,60,183,74,16,25,61,41,0,12,21,27,0,12,0,12,40,31,0,12,63.07,65.22,64.62,61.84,65.57,23.24
2014,6037533401,Census Tract 5334.01,Vernon,Los Angeles County,California,Vernon,775,118,0,12,90,63,43,39,109,73,97,68,36,37,42,43,55,40,268,106,35,36,775,118,50,44,0,12,8,12,0,12,0,12,42,47,0,12,215,84,8,14,22,36,40,39,27,33,97,61,21,32,449,123,118,70,71,61,57,57,9,15,188,89,6,12,61,38,7,11,8,14,0,12,0,12,38,31,8,13,51.74,84.0,57.67,43.88,62.3,34.58
2015,6037205120,Census Tract 2051.20,Vernon,Los Angeles County,California,Vernon,813,49,22,22,44,28,23,22,123,48,89,41,69,30,90,44,67,34,254,70,32,23,813,49,54,33,0,12,15,16,0,12,0,12,27,23,12,17,111,48,0,12,32,29,11,17,6,8,58,38,4,7,484,74,64,36,65,33,51,34,49,28,250,68,5,7,164,43,25,20,11,18,27,15,14,9,76,30,11,11,59.04,50.0,57.66,61.78,54.88,31.24
2015,6037206050,Census Tract 2060.50,Vernon,Los Angeles County,California,Vernon,727,59,10,11,23,15,55,36,95,52,87,43,108,54,45,29,34,31,266,71,4,7,727,59,21,23,0,12,0,12,0,12,10,16,11,17,0,12,66,43,6,11,0,12,0,12,3,6,57,46,0,12,353,61,43,30,36,41,54,35,66,43,154,49,0,12,287,58,39,23,59,34,33,28,29,22,123,39,4,7,62.31,100.0,90.91,62.32,52.96,36.59
2015,6037532302,Census Tract 5323.02,Vernon,Los Angeles County,California,Vernon,617,95,15,24,36,36,57,47,80,52,41,30,7,11,66,51,131,61,164,63,20,18,617,95,24,27,24,27,0,12,0,12,0,12,0,12,0,12,119,49,31,35,0,12,15,18,0,12,60,36,13,15,397,90,41,41,71,50,26,24,7,11,252,83,0,12,77,48,12,18,9,13,0,12,0,12,49,43,7,10,59.64,0.0,50.42,65.24,63.64,26.58
2015,6037532304,Census Tract 5323.04,Vernon,Los Angeles County,California,Vernon,673,111,10,15,47,43,92,59,101,56,110,61,55,45,26,24,26,24,132,68,74,60,673,111,16,17,0,12,0,12,0,12,0,12,16,17,0,12,83,60,28,36,9,15,17,27,20,33,9,14,0,12,431,107,93,54,83,53,46,41,27,24,117,68,65,58,143,49,28,33,9,13,47,42,8,13,42,27,9,13,35.51,100.0,34.94,33.41,34.97,19.61
2015,6037532400,Census Tract 5324,Vernon,Los Angeles County,California,Vernon,14,7,6,4,1,2,4,5,1,2,0,12,0,12,0,12,0,12,2,3,0,12,14,7,0,12,0,12,0,12,0,12,0,12,0,12,0,12,1,2,1,2,0,12,0,12,0,12,0,12,0,12,9,7,6,6,1,2,0,12,0,12,2,3,0,12,4,3,4,3,0,12,0,12,0,12,0,12,0,12,14.29,,0.0,22.22,0.0,14.29
2015,6037532500,Census Tract 5325,Vernon,Los Angeles County,California,Vernon,795,86,14,23,4,6,113,68,118,58,63,45,127,69,87,58,78,58,177,64,14,23,795,86,13,20,0,12,0,12,0,12,0,12,13,20,0,12,205,73,9,15,14,22,21,24,46,41,115,60,0,12,509,99,108,65,80,50,42,39,81,55,184,75,14,23,68,42,14,20,24,25,0,12,0,12,30,25,0,12,58.99,100.0,78.54,52.06,44.12,22.26
2015,6037533401,Census Tract 5334.01,Vernon,Los Angeles County,California,Vernon,840,101,25,41,88,64,58,41,132,81,72,56,50,39,50,50,69,47,266,88,30,33,840,101,49,41,0,17,7,11,0,17,0,17,42,44,0,17,228,75,22,26,21,33,26,32,31,32,109,55,19,30,531,110,149,81,98,72,46,45,19,20,214,94,5,11,32,29,0,17,6,10,0,17,0,17,20,23,6,9,51.79,85.71,61.4,43.88,62.5,31.67
2016,6037205120,Census Tract 2051.20,Vernon,Los Angeles County,California,Vernon,830,45,32,26,36,27,23,18,145,58,92,47,63,30,115,51,47,33,259,62,18,15,830,45,26,23,0,12,8,14,0,12,0,12,18,20,0,12,130,48,0,12,32,30,11,17,6,9,77,42,4,7,527,61,54,34,87,42,58,36,48,27,275,61,5,8,147,32,37,25,18,20,23,18,9,9,51,26,9,11,58.31,69.23,63.85,61.29,40.82,31.2
2016,6037206050,Census Tract 2060.50,Vernon,Los Angeles County,California,Vernon,763,39,10,12,29,18,95,46,77,39,45,31,97,43,67,41,64,39,274,68,5,9,763,39,12,16,0,12,0,12,0,12,7,11,5,11,0,12,100,53,5,9,0,12,0,12,3,6,92,54,0,12,341,50,76,45,18,16,26,28,36,24,185,56,0,12,310,52,53,27,59,31,19,16,51,33,123,45,5,9,65.79,100.0,95.0,64.81,56.13,35.91
2016,6037532302,Census Tract 5323.02,Vernon,Los Angeles County,California,Vernon,693,107,26,31,41,37,78,53,68,49,51,37,23,26,26,32,165,71,158,67,57,40,693,107,43,38,14,22,0,12,15,24,14,21,0,12,0,12,129,61,49,45,0,12,10,15,0,12,62,45,8,12,402,106,61,47,60,47,26,24,9,14,246,85,0,12,119,63,21,24,8,12,0,12,0,12,41,41,49,38,53.68,32.56,48.06,63.43,34.45,22.8
2016,6037532304,Census Tract 5323.04,Vernon,Los Angeles County,California,Vernon,700,102,10,16,36,38,105,75,64,45,121,72,49,33,76,51,44,43,101,53,94,69,700,102,16,19,0,12,0,12,0,12,0,12,16,19,0,12,76,60,21,32,0,12,15,24,15,24,25,38,0,12,395,102,74,55,55,42,64,56,24,21,112,57,66,61,213,70,56,55,9,15,42,43,10,15,68,50,28,26,38.57,100.0,52.63,34.43,36.62,14.43
2016,6037532400,Census Tract 5324,Vernon,Los Angeles County,California,Vernon,8,13,2,4,1,3,3,7,1,3,0,12,0,12,0,12,0,12,1,2,0,12,8,13,0,12,0,12,0,12,0,12,0,12,0,12,0,12,1,3,1,3,0,12,0,12,0,12,0,12,0,12,4,7,2,5,1,3,0,12,0,12,1,2,0,12,3,5,3,5,0,12,0,12,0,12,0,12,0,12,12.5,,0.0,25.0,0.0,12.5
2016,6037532500,Census Tract 5325,Vernon,Los Angeles County,California,Vernon,787,90,14,22,0,12,123,65,93,52,80,50,124,64,89,56,69,51,181,69,14,22,787,90,12,19,0,12,0,12,0,12,0,12,12,19,0,12,188,76,14,22,14,22,19,25,45,42,96,57,0,12,516,109,109,63,52,44,61,48,79,54,201,84,14,22,71,42,14,21,27,29,0,12,0,12,30,27,0,12,58.83,100.0,75.0,54.26,42.25,23.0
2016,6037533401,Census Tract 5334.01,Vernon,Los Angeles County,California,Vernon,808,86,22,35,45,39,51,38,192,95,72,57,33,33,73,61,53,46,240,90,27,30,808,86,48,43,0,17,6,10,0,17,0,17,42,47,0,17,244,79,15,20,51,48,22,28,27,31,112,68,17,27,467,106,103,63,128,86,50,50,6,10,176,85,4,8,49,42,0,17,7,12,0,17,0,17,36,39,6,10,49.38,87.5,56.97,38.97,73.47,29.7
2017,6037205120,Census Tract 2051.20,Vernon,Los Angeles County,California,Vernon,820,46,17,18,25,19,45,30,148,54,111,47,58,35,118,53,56,36,220,66,22,17,820,46,18,19,0,12,9,14,0,12,0,12,9,13,0,12,95,57,0,12,32,28,12,17,0,12,46,36,5,9,524,73,47,30,73,38,79,42,53,33,268,66,4,6,183,47,40,28,34,29,20,16,5,7,71,30,13,14,55.12,50.0,48.42,61.26,41.53,26.83
2017,6037206050,Census Tract 2060.50,Vernon,Los Angeles County,California,Vernon,769,46,18,17,25,17,63,40,57,36,64,46,144,50,81,35,78,47,234,65,5,8,769,46,17,15,0,12,0,12,0,12,10,15,7,12,0,12,92,51,10,11,0,12,0,12,4,7,78,48,0,12,317,54,49,35,16,19,34,29,51,36,167,61,0,12,343,55,47,25,41,31,30,24,79,42,141,51,5,8,69.83,100.0,89.13,68.77,64.14,30.43
2017,6037532302,Census Tract 5323.02,Vernon,Los Angeles County,California,Vernon,637,106,35,33,27,31,87,52,52,41,46,36,20,32,18,29,167,74,137,71,48,33,637,106,38,42,0,12,0,12,18,27,20,32,0,12,0,12,117,63,46,39,0,12,0,12,0,12,64,51,7,12,362,101,85,54,44,39,28,26,0,12,205,81,0,12,120,60,18,22,8,12,0,12,0,12,53,48,41,31,53.69,52.63,54.7,56.63,44.17,21.51
2017,6037532304,Census Tract 5323.04,Vernon,Los Angeles County,California,Vernon,722,108,9,15,77,58,101,70,80,54,148,91,51,36,65,38,26,40,102,66,63,50,722,108,23,22,0,12,0,12,0,12,10,15,13,16,0,12,98,66,41,36,0,12,16,26,16,26,25,40,0,12,421,107,102,66,63,50,92,81,25,20,102,64,37,45,180,57,44,43,17,20,40,41,0,12,53,35,26,25,33.8,100.0,41.84,30.17,29.44,14.13
2017,6037532400,Census Tract 5324,Vernon,Los Angeles County,California,Vernon,17,7,4,4,1,2,7,6,2,4,0,12,2,3,0,12,0,12,1,2,0,12,17,7,0,12,0,12,0,12,0,12,0,12,0,12,0,12,1,2,1,2,0,12,0,12,0,12,0,12,0,12,10,7,5,6,2,4,0,12,2,3,1,2,0,12,6,6,6,6,0,12,0,12,0,12,0,12,0,12,17.65,,0.0,30.0,0.0,5.88
2017,6037532500,Census Tract 5325,Vernon,Los Angeles County,California,Vernon,789,91,32,36,0,12,95,63,61,41,99,69,126,76,81,60,67,48,228,79,0,12,789,91,37,42,0,12,0,12,0,12,0,12,37,42,0,12,164,71,33,37,0,12,23,27,39,43,69,52,0,12,523,103,85,61,44,36,76,64,87,59,231,84,0,12,65,42,9,17,17,18,0,12,0,12,39,35,0,12,63.62,100.0,65.85,60.8,60.0,28.9
2017,6037533401,Census Tract 5334.01,Vernon,Los Angeles County,California,Vernon,840,102,21,35,72,51,40,36,194,90,29,28,47,37,82,65,48,47,281,108,26,26,840,102,22,27,0,17,6,9,0,17,0,17,16,25,0,17,281,84,9,17,52,54,22,26,26,27,156,70,16,24,503,117,124,75,136,76,7,10,21,27,209,104,6,11,34,36,0,17,0,17,0,17,0,17,30,34,4,9,54.52,72.73,64.77,45.73,88.24,33.45
2018,6037205120,Census Tract 2051.20,Vernon,Los Angeles County,California,Vernon,849,39,8,12,29,22,72,40,122,48,120,58,62,36,85,41,58,36,280,65,13,13,849,39,19,21,0,12,11,16,0,12,0,12,8,12,0,12,142,56,23,24,17,18,10,16,0,12,92,50,0,12,530,63,53,36,70,43,92,55,62,36,249,63,4,6,158,40,33,25,24,20,18,14,0,12,74,33,9,11,57.13,42.11,64.79,58.68,46.84,32.98
2018,6037206050,Census Tract 2060.50,Vernon,Los Angeles County,California,Vernon,789,37,22,16,43,22,65,32,59,38,74,35,133,50,67,39,86,47,240,69,0,12,789,37,42,32,0,12,0,12,0,12,13,19,29,25,0,12,56,40,11,10,0,12,0,12,5,8,40,38,0,12,319,65,57,29,25,22,43,29,33,27,161,67,0,12,372,55,62,23,34,30,31,23,82,39,163,58,0,12,66.67,100.0,80.36,60.82,65.86,30.42
2018,6037532302,Census Tract 5323.02,Vernon,Los Angeles County,California,Vernon,583,105,34,33,19,30,70,62,42,33,50,43,29,35,27,36,140,76,105,64,67,45,583,105,39,42,0,12,0,12,18,28,21,33,0,12,0,12,99,56,46,41,0,12,16,26,0,12,29,32,8,12,358,79,72,49,35,31,16,19,8,12,210,83,17,22,87,49,5,9,7,11,0,12,0,12,33,32,42,35,51.63,53.85,29.29,60.89,37.93,18.01
2018,6037532304,Census Tract 5323.04,Vernon,Los Angeles County,California,Vernon,689,112,0,12,72,48,130,71,38,24,156,84,55,46,53,40,31,37,89,55,65,42,689,112,6,10,0,12,0,12,0,12,6,10,0,12,0,12,149,64,52,47,0,12,33,44,25,36,39,39,0,12,385,98,119,61,22,15,95,69,15,20,94,54,40,35,149,54,31,37,16,18,28,34,9,15,40,32,25,23,33.09,100.0,42.95,28.31,32.89,12.92
2018,6037532400,Census Tract 5324,Vernon,Los Angeles County,California,Vernon,17,8,2,3,1,2,3,5,4,5,0,12,2,3,0,12,0,12,2,4,3,5,17,8,0,12,0,12,0,12,0,12,0,12,0,12,0,12,1,2,1,2,0,12,0,12,0,12,0,12,0,12,12,8,2,5,4,5,0,12,2,3,1,2,3,5,4,3,3,3,0,12,0,12,0,12,1,2,0,12,23.53,,0.0,25.0,25.0,11.76
2018,6037532500,Census Tract 5325,Vernon,Los Angeles County,California,Vernon,773,88,36,39,18,29,114,67,80,42,81,54,130,72,52,46,56,43,206,85,0,12,773,88,36,41,0,12,0,12,0,12,0,12,36,41,0,12,131,69,56,52,0,12,17,27,38,44,20,30,0,12,513,108,95,58,60,34,64,48,92,61,202,86,0,12,93,52,17,25,20,23,0,12,0,12,56,45,0,12,57.44,100.0,44.27,57.31,60.22,26.65
2018,6037533401,Census Tract 5334.01,Vernon,Los Angeles County,California,Vernon,795,107,21,31,90,64,36,36,173,86,31,34,56,43,109,65,45,44,215,86,19,26,795,107,0,17,0,17,0,17,0,17,0,17,0,17,0,17,284,101,20,33,35,45,24,31,34,33,154,75,17,26,483,130,127,76,138,82,7,11,22,28,189,99,0,17,28,33,0,17,0,17,0,17,0,17,26,31,2,8,53.46,,66.2,43.69,92.86,27.04
2019,6037205120,Census Tract 2051.20,Vernon,Los Angeles County,California,Vernon,868,42,23,26,33,32,54,39,105,42,128,51,46,32,72,36,35,25,350,70,22,21,868,42,21,21,0,12,0,12,13,18,0,12,8,11,0,12,140,52,23,25,21,20,0,12,0,12,84,44,12,18,542,66,67,44,51,33,89,47,46,32,285,70,4,6,165,33,20,22,33,26,26,22,0,12,80,30,6,10,57.95,38.1,60.0,61.07,48.48,40.32
2019,6037206050,Census Tract 2060.50,Vernon,Los Angeles County,California,Vernon,756,51,16,13,58,33,77,38,76,50,56,37,140,53,24,20,95,50,208,65,6,8,756,51,49,37,0,12,0,12,0,12,14,22,35,32,0,12,55,39,16,19,0,12,0,12,6,10,33,35,0,12,299,59,69,36,42,39,25,26,31,26,126,59,6,8,353,60,66,29,34,27,31,23,89,45,133,50,0,12,61.77,100.0,70.91,52.51,62.89,27.51
2019,6037532302,Census Tract 5323.02,Vernon,Los Angeles County,California,Vernon,563,97,29,31,18,28,79,67,33,32,70,50,42,40,7,12,145,79,61,50,79,45,563,97,47,50,0,12,0,12,25,39,22,33,0,12,0,12,121,66,42,44,0,12,37,43,0,12,34,38,8,13,299,89,74,60,33,32,8,13,20,22,145,72,19,22,96,52,10,15,0,12,0,12,0,12,34,34,52,38,45.29,46.81,28.1,55.18,35.42,10.83
2019,6037532304,Census Tract 5323.04,Vernon,Los Angeles County,California,Vernon,705,103,17,21,97,52,91,64,38,28,149,93,20,19,56,45,48,44,84,54,105,73,705,103,7,11,0,12,0,12,0,12,7,11,0,12,0,12,108,82,27,32,0,12,41,60,0,12,40,43,0,12,465,99,139,73,22,22,100,70,4,5,113,57,87,71,125,51,39,37,16,18,8,15,9,15,35,34,18,20,29.5,100.0,37.04,25.16,35.2,11.91
2019,6037532400,Census Tract 5324,Vernon,Los Angeles County,California,Vernon,17,10,1,2,0,12,6,6,4,5,0,12,1,2,0,12,0,12,2,3,3,4,17,10,0,12,0,12,0,12,0,12,0,12,0,12,0,12,1,2,1,2,0,12,0,12,0,12,0,12,0,12,12,9,4,5,4,5,0,12,1,2,0,12,3,4,4,3,2,4,0,12,0,12,0,12,2,3,0,12,17.65,,0.0,8.33,50.0,11.76
2019,6037532500,Census Tract 5325,Vernon,Los Angeles County,California,Vernon,728,84,35,39,16,25,78,53,110,59,67,52,108,68,54,50,50,39,210,78,0,12,728,84,20,31,0,12,0,12,0,12,0,12,20,31,0,12,123,67,53,49,0,12,16,27,36,43,18,28,0,12,501,95,58,45,89,55,51,45,72,56,231,90,0,12,84,42,18,25,21,21,0,12,0,12,45,36,0,12,57.97,100.0,43.9,60.48,53.57,28.85
2019,6037533401,Census Tract 5334.01,Vernon,Los Angeles County,California,Vernon,743,97,38,41,72,62,71,73,170,100,27,36,41,35,63,51,39,53,222,88,0,17,743,97,61,66,61,66,0,17,0,17,0,17,0,17,0,17,225,93,31,50,36,49,20,34,19,22,119,72,0,17,426,123,89,57,134,87,7,11,22,28,174,82,0,17,31,32,0,17,0,17,0,17,0,17,31,32,0,17,49.13,0.0,61.33,46.01,100.0,29.88
2020,6037980016,Census Tract 9800.16,Vernon,Los Angeles County,California,Vernon,68,27,0,13,7,6,17,9,6,5,15,22,8,6,0,13,11,10,1,2,3,4,68,27,0,13,0,13,0,13,0,13,0,13,0,13,0,13,8,5,8,5,0,13,0,13,0,13,0,13,0,13,54,27,12,10,6,5,15,22,8,6,10,10,3,4,6,4,4,4,0,13,0,13,0,13,2,4,0,13,29.41,,0.0,33.33,33.33,1.47
2021,6037980016,Census Tract 9800.16,Vernon,Los Angeles County,California,Vernon,86,31,0,13,6,7,17,11,25,12,15,25,5,4,0,13,12,11,3,3,3,4,86,31,0,13,0,13,0,13,0,13,0,13,0,13,0,13,15,9,6,4,9,9,0,13,0,13,0,13,0,13,65,31,13,11,16,9,15,25,5,4,13,11,3,4,6,5,4,3,0,13,0,13,0,13,2,4,0,13,23.26,,0.0,27.69,33.33,3.49
2022,6037980016,Census Tract 9800.16,Vernon,Los Angeles County,California,Vernon,87,31,0,13,13,10,16,8,19,12,15,24,4,3,1,3,12,10,3,3,4,5,87,31,0,13,0,13,0,13,0,13,0,13,0,13,0,13,16,11,6,4,8,8,0,13,0,13,1,3,1,2,58,29,14,9,11,8,15,24,4,3,11,10,3,5,13,9,9,7,0,13,0,13,0,13,4,4,0,13,22.99,,6.25,25.86,30.77,3.45
2023,6037980016,Census Tract 9800.16,Vernon,Los Angeles County,California,Vernon,93,32,0,14,8,7,12,6,23,13,21,25,6,4,1,3,13,10,7,8,2,2,93,32,0,14,0,14,0,14,0,14,0,14,0,14,0,14,23,12,6,5,8,8,6,8,0,14,1,3,2,2,51,28,5,3,13,9,15,24,6,4,12,10,0,14,19,12,9,7,2,2,0,14,0,14,8,8,0,14,29.03,,4.35,35.29,42.11,7.53
